{
  "layout": "password",
  "sections": {
    "main": {
      "type": "newsletter",
      "settings": {
        "full_width": false
      },
      "blocks": {
        "heading": {
          "type": "heading",
          "settings": {
            "heading": "Opening soon"
          }
        },
        "paragraph": {
          "type": "paragraph",
          "settings": {
            "paragraph": "<p>Be the first to know when we launch.</p>"
          }
        },
        "email_form": {
          "type": "email_form"
        }
      },
      "block_order": [
        "heading",
        "paragraph",
        "email_form"
      ]
    }
  },
  "order": [
    "main"
  ]
}
